[{"model": "admin.logentry", "pk": 61, "fields": {"action_time": "2020-09-17T00:47:33.650Z", "user": 9, "content_type": 13, "object_id": "9", "object_repr": "super@gmail.com", "action_flag": 2, "change_message": "[{\"changed\": {\"fields\": [\"Last login\", \"School\", \"District\", \"Roles\"]}}]"}}, {"model": "admin.logentry", "pk": 62, "fields": {"action_time": "2020-09-17T01:37:53.674Z", "user": 9, "content_type": 13, "object_id": "7", "object_repr": "blasdlkfj@gmail.com", "action_flag": 2, "change_message": "[{\"changed\": {\"fields\": [\"School\", \"District\", \"Roles\"]}}]"}}, {"model": "admin.logentry", "pk": 63, "fields": {"action_time": "2020-09-17T20:54:23.381Z", "user": 9, "content_type": 21, "object_id": "9", "object_repr": "Yo yo", "action_flag": 2, "change_message": "[]"}}, {"model": "admin.logentry", "pk": 64, "fields": {"action_time": "2020-09-17T21:17:11.022Z", "user": 9, "content_type": 21, "object_id": "9", "object_repr": "Yo yo", "action_flag": 2, "change_message": "[{\"changed\": {\"fields\": [\"Answer\"]}}]"}}, {"model": "auth.permission", "fields": {"name": "Can add log entry", "content_type": 1, "codename": "add_logentry"}}, {"model": "auth.permission", "fields": {"name": "Can change log entry", "content_type": 1, "codename": "change_logentry"}}, {"model": "auth.permission", "fields": {"name": "Can delete log entry", "content_type": 1, "codename": "delete_logentry"}}, {"model": "auth.permission", "fields": {"name": "Can view log entry", "content_type": 1, "codename": "view_logentry"}}, {"model": "auth.permission", "fields": {"name": "Can add permission", "content_type": 2, "codename": "add_permission"}}, {"model": "auth.permission", "fields": {"name": "Can change permission", "content_type": 2, "codename": "change_permission"}}, {"model": "auth.permission", "fields": {"name": "Can delete permission", "content_type": 2, "codename": "delete_permission"}}, {"model": "auth.permission", "fields": {"name": "Can view permission", "content_type": 2, "codename": "view_permission"}}, {"model": "auth.permission", "fields": {"name": "Can add group", "content_type": 3, "codename": "add_group"}}, {"model": "auth.permission", "fields": {"name": "Can change group", "content_type": 3, "codename": "change_group"}}, {"model": "auth.permission", "fields": {"name": "Can delete group", "content_type": 3, "codename": "delete_group"}}, {"model": "auth.permission", "fields": {"name": "Can view group", "content_type": 3, "codename": "view_group"}}, {"model": "auth.permission", "fields": {"name": "Can add content type", "content_type": 4, "codename": "add_contenttype"}}, {"model": "auth.permission", "fields": {"name": "Can change content type", "content_type": 4, "codename": "change_contenttype"}}, {"model": "auth.permission", "fields": {"name": "Can delete content type", "content_type": 4, "codename": "delete_contenttype"}}, {"model": "auth.permission", "fields": {"name": "Can view content type", "content_type": 4, "codename": "view_contenttype"}}, {"model": "auth.permission", "fields": {"name": "Can add session", "content_type": 5, "codename": "add_session"}}, {"model": "auth.permission", "fields": {"name": "Can change session", "content_type": 5, "codename": "change_session"}}, {"model": "auth.permission", "fields": {"name": "Can delete session", "content_type": 5, "codename": "delete_session"}}, {"model": "auth.permission", "fields": {"name": "Can view session", "content_type": 5, "codename": "view_session"}}, {"model": "auth.permission", "fields": {"name": "Can add club", "content_type": 6, "codename": "add_club"}}, {"model": "auth.permission", "fields": {"name": "Can change club", "content_type": 6, "codename": "change_club"}}, {"model": "auth.permission", "fields": {"name": "Can delete club", "content_type": 6, "codename": "delete_club"}}, {"model": "auth.permission", "fields": {"name": "Can view club", "content_type": 6, "codename": "view_club"}}, {"model": "auth.permission", "fields": {"name": "Can add district", "content_type": 7, "codename": "add_district"}}, {"model": "auth.permission", "fields": {"name": "Can change district", "content_type": 7, "codename": "change_district"}}, {"model": "auth.permission", "fields": {"name": "Can delete district", "content_type": 7, "codename": "delete_district"}}, {"model": "auth.permission", "fields": {"name": "Can view district", "content_type": 7, "codename": "view_district"}}, {"model": "auth.permission", "fields": {"name": "Can add meet day", "content_type": 8, "codename": "add_meetday"}}, {"model": "auth.permission", "fields": {"name": "Can change meet day", "content_type": 8, "codename": "change_meetday"}}, {"model": "auth.permission", "fields": {"name": "Can delete meet day", "content_type": 8, "codename": "delete_meetday"}}, {"model": "auth.permission", "fields": {"name": "Can view meet day", "content_type": 8, "codename": "view_meetday"}}, {"model": "auth.permission", "fields": {"name": "Can add slide", "content_type": 9, "codename": "add_slide"}}, {"model": "auth.permission", "fields": {"name": "Can change slide", "content_type": 9, "codename": "change_slide"}}, {"model": "auth.permission", "fields": {"name": "Can delete slide", "content_type": 9, "codename": "delete_slide"}}, {"model": "auth.permission", "fields": {"name": "Can view slide", "content_type": 9, "codename": "view_slide"}}, {"model": "auth.permission", "fields": {"name": "Can add school", "content_type": 10, "codename": "add_school"}}, {"model": "auth.permission", "fields": {"name": "Can change school", "content_type": 10, "codename": "change_school"}}, {"model": "auth.permission", "fields": {"name": "Can delete school", "content_type": 10, "codename": "delete_school"}}, {"model": "auth.permission", "fields": {"name": "Can view school", "content_type": 10, "codename": "view_school"}}, {"model": "auth.permission", "fields": {"name": "Can add district domain", "content_type": 11, "codename": "add_districtdomain"}}, {"model": "auth.permission", "fields": {"name": "Can change district domain", "content_type": 11, "codename": "change_districtdomain"}}, {"model": "auth.permission", "fields": {"name": "Can delete district domain", "content_type": 11, "codename": "delete_districtdomain"}}, {"model": "auth.permission", "fields": {"name": "Can view district domain", "content_type": 11, "codename": "view_districtdomain"}}, {"model": "auth.permission", "fields": {"name": "Can add hierarchy perms", "content_type": 12, "codename": "add_hierarchyperms"}}, {"model": "auth.permission", "fields": {"name": "Can change hierarchy perms", "content_type": 12, "codename": "change_hierarchyperms"}}, {"model": "auth.permission", "fields": {"name": "Can delete hierarchy perms", "content_type": 12, "codename": "delete_hierarchyperms"}}, {"model": "auth.permission", "fields": {"name": "Can view hierarchy perms", "content_type": 12, "codename": "view_hierarchyperms"}}, {"model": "auth.permission", "fields": {"name": "Can add user", "content_type": 13, "codename": "add_profile"}}, {"model": "auth.permission", "fields": {"name": "Can change user", "content_type": 13, "codename": "change_profile"}}, {"model": "auth.permission", "fields": {"name": "Can delete user", "content_type": 13, "codename": "delete_profile"}}, {"model": "auth.permission", "fields": {"name": "Can view user", "content_type": 13, "codename": "view_profile"}}, {"model": "auth.permission", "fields": {"name": "Can add Token", "content_type": 14, "codename": "add_token"}}, {"model": "auth.permission", "fields": {"name": "Can change Token", "content_type": 14, "codename": "change_token"}}, {"model": "auth.permission", "fields": {"name": "Can delete Token", "content_type": 14, "codename": "delete_token"}}, {"model": "auth.permission", "fields": {"name": "Can view Token", "content_type": 14, "codename": "view_token"}}, {"model": "auth.permission", "fields": {"name": "Can add site", "content_type": 15, "codename": "add_site"}}, {"model": "auth.permission", "fields": {"name": "Can change site", "content_type": 15, "codename": "change_site"}}, {"model": "auth.permission", "fields": {"name": "Can delete site", "content_type": 15, "codename": "delete_site"}}, {"model": "auth.permission", "fields": {"name": "Can view site", "content_type": 15, "codename": "view_site"}}, {"model": "auth.permission", "fields": {"name": "Can add email address", "content_type": 16, "codename": "add_emailaddress"}}, {"model": "auth.permission", "fields": {"name": "Can change email address", "content_type": 16, "codename": "change_emailaddress"}}, {"model": "auth.permission", "fields": {"name": "Can delete email address", "content_type": 16, "codename": "delete_emailaddress"}}, {"model": "auth.permission", "fields": {"name": "Can view email address", "content_type": 16, "codename": "view_emailaddress"}}, {"model": "auth.permission", "fields": {"name": "Can add email confirmation", "content_type": 17, "codename": "add_emailconfirmation"}}, {"model": "auth.permission", "fields": {"name": "Can change email confirmation", "content_type": 17, "codename": "change_emailconfirmation"}}, {"model": "auth.permission", "fields": {"name": "Can delete email confirmation", "content_type": 17, "codename": "delete_emailconfirmation"}}, {"model": "auth.permission", "fields": {"name": "Can view email confirmation", "content_type": 17, "codename": "view_emailconfirmation"}}, {"model": "auth.permission", "fields": {"name": "Can add social account", "content_type": 18, "codename": "add_socialaccount"}}, {"model": "auth.permission", "fields": {"name": "Can change social account", "content_type": 18, "codename": "change_socialaccount"}}, {"model": "auth.permission", "fields": {"name": "Can delete social account", "content_type": 18, "codename": "delete_socialaccount"}}, {"model": "auth.permission", "fields": {"name": "Can view social account", "content_type": 18, "codename": "view_socialaccount"}}, {"model": "auth.permission", "fields": {"name": "Can add social application", "content_type": 19, "codename": "add_socialapp"}}, {"model": "auth.permission", "fields": {"name": "Can change social application", "content_type": 19, "codename": "change_socialapp"}}, {"model": "auth.permission", "fields": {"name": "Can delete social application", "content_type": 19, "codename": "delete_socialapp"}}, {"model": "auth.permission", "fields": {"name": "Can view social application", "content_type": 19, "codename": "view_socialapp"}}, {"model": "auth.permission", "fields": {"name": "Can add social application token", "content_type": 20, "codename": "add_socialtoken"}}, {"model": "auth.permission", "fields": {"name": "Can change social application token", "content_type": 20, "codename": "change_socialtoken"}}, {"model": "auth.permission", "fields": {"name": "Can delete social application token", "content_type": 20, "codename": "delete_socialtoken"}}, {"model": "auth.permission", "fields": {"name": "Can view social application token", "content_type": 20, "codename": "view_socialtoken"}}, {"model": "auth.permission", "fields": {"name": "Can add hierarchy perms", "content_type": 11, "codename": "add_hierarchyperms"}}, {"model": "auth.permission", "fields": {"name": "Can change hierarchy perms", "content_type": 11, "codename": "change_hierarchyperms"}}, {"model": "auth.permission", "fields": {"name": "Can delete hierarchy perms", "content_type": 11, "codename": "delete_hierarchyperms"}}, {"model": "auth.permission", "fields": {"name": "Can view hierarchy perms", "content_type": 11, "codename": "view_hierarchyperms"}}, {"model": "auth.permission", "fields": {"name": "Can add user", "content_type": 12, "codename": "add_profile"}}, {"model": "auth.permission", "fields": {"name": "Can change user", "content_type": 12, "codename": "change_profile"}}, {"model": "auth.permission", "fields": {"name": "Can delete user", "content_type": 12, "codename": "delete_profile"}}, {"model": "auth.permission", "fields": {"name": "Can view user", "content_type": 12, "codename": "view_profile"}}, {"model": "auth.permission", "fields": {"name": "Can add Token", "content_type": 13, "codename": "add_token"}}, {"model": "auth.permission", "fields": {"name": "Can change Token", "content_type": 13, "codename": "change_token"}}, {"model": "auth.permission", "fields": {"name": "Can delete Token", "content_type": 13, "codename": "delete_token"}}, {"model": "auth.permission", "fields": {"name": "Can view Token", "content_type": 13, "codename": "view_token"}}, {"model": "auth.permission", "fields": {"name": "Can add site", "content_type": 14, "codename": "add_site"}}, {"model": "auth.permission", "fields": {"name": "Can change site", "content_type": 14, "codename": "change_site"}}, {"model": "auth.permission", "fields": {"name": "Can delete site", "content_type": 14, "codename": "delete_site"}}, {"model": "auth.permission", "fields": {"name": "Can view site", "content_type": 14, "codename": "view_site"}}, {"model": "auth.permission", "fields": {"name": "Can add email address", "content_type": 15, "codename": "add_emailaddress"}}, {"model": "auth.permission", "fields": {"name": "Can change email address", "content_type": 15, "codename": "change_emailaddress"}}, {"model": "auth.permission", "fields": {"name": "Can delete email address", "content_type": 15, "codename": "delete_emailaddress"}}, {"model": "auth.permission", "fields": {"name": "Can view email address", "content_type": 15, "codename": "view_emailaddress"}}, {"model": "auth.permission", "fields": {"name": "Can add email confirmation", "content_type": 16, "codename": "add_emailconfirmation"}}, {"model": "auth.permission", "fields": {"name": "Can change email confirmation", "content_type": 16, "codename": "change_emailconfirmation"}}, {"model": "auth.permission", "fields": {"name": "Can delete email confirmation", "content_type": 16, "codename": "delete_emailconfirmation"}}, {"model": "auth.permission", "fields": {"name": "Can view email confirmation", "content_type": 16, "codename": "view_emailconfirmation"}}, {"model": "auth.permission", "fields": {"name": "Can add social account", "content_type": 17, "codename": "add_socialaccount"}}, {"model": "auth.permission", "fields": {"name": "Can change social account", "content_type": 17, "codename": "change_socialaccount"}}, {"model": "auth.permission", "fields": {"name": "Can delete social account", "content_type": 17, "codename": "delete_socialaccount"}}, {"model": "auth.permission", "fields": {"name": "Can view social account", "content_type": 17, "codename": "view_socialaccount"}}, {"model": "auth.permission", "fields": {"name": "Can add social application", "content_type": 18, "codename": "add_socialapp"}}, {"model": "auth.permission", "fields": {"name": "Can change social application", "content_type": 18, "codename": "change_socialapp"}}, {"model": "auth.permission", "fields": {"name": "Can delete social application", "content_type": 18, "codename": "delete_socialapp"}}, {"model": "auth.permission", "fields": {"name": "Can view social application", "content_type": 18, "codename": "view_socialapp"}}, {"model": "auth.permission", "fields": {"name": "Can add social application token", "content_type": 19, "codename": "add_socialtoken"}}, {"model": "auth.permission", "fields": {"name": "Can change social application token", "content_type": 19, "codename": "change_socialtoken"}}, {"model": "auth.permission", "fields": {"name": "Can delete social application token", "content_type": 19, "codename": "delete_socialtoken"}}, {"model": "auth.permission", "fields": {"name": "Can view social application token", "content_type": 19, "codename": "view_socialtoken"}}, {"model": "auth.permission", "fields": {"name": "Can add question", "content_type": 21, "codename": "add_question"}}, {"model": "auth.permission", "fields": {"name": "Can change question", "content_type": 21, "codename": "change_question"}}, {"model": "auth.permission", "fields": {"name": "Can delete question", "content_type": 21, "codename": "delete_question"}}, {"model": "auth.permission", "fields": {"name": "Can view question", "content_type": 21, "codename": "view_question"}}, {"model": "auth.permission", "fields": {"name": "Can add role model", "content_type": 22, "codename": "add_rolemodel"}}, {"model": "auth.permission", "fields": {"name": "Can change role model", "content_type": 22, "codename": "change_rolemodel"}}, {"model": "auth.permission", "fields": {"name": "Can delete role model", "content_type": 22, "codename": "delete_rolemodel"}}, {"model": "auth.permission", "fields": {"name": "Can view role model", "content_type": 22, "codename": "view_rolemodel"}}, {"model": "contenttypes.contenttype", "fields": {"app_label": "admin", "model": "logentry"}}, {"model": "contenttypes.contenttype", "fields": {"app_label": "auth", "model": "permission"}}, {"model": "contenttypes.contenttype", "fields": {"app_label": "auth", "model": "group"}}, {"model": "contenttypes.contenttype", "fields": {"app_label": "contenttypes", "model": "contenttype"}}, {"model": "contenttypes.contenttype", "fields": {"app_label": "sessions", "model": "session"}}, {"model": "contenttypes.contenttype", "fields": {"app_label": "XroadsAPI", "model": "club"}}, {"model": "contenttypes.contenttype", "fields": {"app_label": "XroadsAPI", "model": "district"}}, {"model": "contenttypes.contenttype", "fields": {"app_label": "XroadsAPI", "model": "meetday"}}, {"model": "contenttypes.contenttype", "fields": {"app_label": "XroadsAPI", "model": "slide"}}, {"model": "contenttypes.contenttype", "fields": {"app_label": "XroadsAPI", "model": "school"}}, {"model": "contenttypes.contenttype", "fields": {"app_label": "XroadsAPI", "model": "districtdomain"}}, {"model": "contenttypes.contenttype", "fields": {"app_label": "XroadsAuth", "model": "hierarchyperms"}}, {"model": "contenttypes.contenttype", "fields": {"app_label": "XroadsAuth", "model": "profile"}}, {"model": "contenttypes.contenttype", "fields": {"app_label": "authtoken", "model": "token"}}, {"model": "contenttypes.contenttype", "fields": {"app_label": "sites", "model": "site"}}, {"model": "contenttypes.contenttype", "fields": {"app_label": "account", "model": "emailaddress"}}, {"model": "contenttypes.contenttype", "fields": {"app_label": "account", "model": "emailconfirmation"}}, {"model": "contenttypes.contenttype", "fields": {"app_label": "socialaccount", "model": "socialaccount"}}, {"model": "contenttypes.contenttype", "fields": {"app_label": "socialaccount", "model": "socialapp"}}, {"model": "contenttypes.contenttype", "fields": {"app_label": "socialaccount", "model": "socialtoken"}}, {"model": "contenttypes.contenttype", "fields": {"app_label": "XroadsAPI", "model": "question"}}, {"model": "contenttypes.contenttype", "fields": {"app_label": "XroadsAuth", "model": "rolemodel"}}, {"model": "sessions.session", "pk": "9gjpnbf3kzw4eigoz76o77w6bxty94j1", "fields": {"session_data": ".eJxVjMEKwyAQRP_FcxEX40Z77L3fIKurNW1RiMkp9N-bQA7taWDem9mEp3Upfu1p9hOLqwBx-e0CxVeqB-An1UeTsdVlnoI8FHnSLu-N0_t2un8HhXrZ1zoYZS0mNYABNRgG1DhmBzaYIWiTkSnvOWYmp9AGNMxA2imdU3JRfL63Rjd6:1kDu5k:k2XMIlAKxKuzuRK3q8MJPv0BmfZbWODsBoDhh3SG1ew", "expire_date": "2020-09-17T18:36:12.819Z"}}, {"model": "sessions.session", "pk": "a10nodclt5cawvmmxomjdeloo1d0y8fm", "fields": {"session_data": ".eJxVjMEKwyAQRP_FcxEX40Z77L3fIKurNW1RiMkp9N-bQA7taWDem9mEp3Upfu1p9hOLqwBx-e0CxVeqB-An1UeTsdVlnoI8FHnSLu-N0_t2un8HhXrZ1zoYZS0mNYABNRgG1DhmBzaYIWiTkSnvOWYmp9AGNMxA2imdU3JRfL63Rjd6:1kEgGI:gjd4Hg2bRHcuvBtkoHVX1R1GzmOyXVv-FB9gJhhWXY4", "expire_date": "2020-09-19T22:02:18.826Z"}}, {"model": "sessions.session", "pk": "a91f33cy87qukjrzo9nyib9xzcigd53n", "fields": {"session_data": ".eJxVjMEKwyAQRP_FcxEX40Z77L3fIKurNW1RiMkp9N-bQA7taWDem9mEp3Upfu1p9hOLqwBx-e0CxVeqB-An1UeTsdVlnoI8FHnSLu-N0_t2un8HhXrZ1zoYZS0mNYABNRgG1DhmBzaYIWiTkSnvOWYmp9AGNMxA2imdU3JRfL63Rjd6:1kDw1c:q39oJHw54cPKXkQoXxCExNrORS5iDk2LGujQ7HF4ebE", "expire_date": "2020-09-17T20:40:04.350Z"}}, {"model": "sessions.session", "pk": "b7x0dl2epy8bdg8fdpyrux0umhj5c8hb", "fields": {"session_data": ".eJxVjEEOwiAQRe_C2hCGOsC4dO8ZGhhGqRpISrsy3l2bdKHb_977LzXGdSnj2mUep6xOitThd0uRH1I3kO-x3prmVpd5SnpT9E67vrQsz_Pu_h2U2Mu3jojeHi2RA2dy8JJQBhqiB4sGgs1XBgIO6AgBrA3AAsGTOBMEE6v3B6jHNmo:1kJ2rW:IYhijkJP8EC9rz9KBcUZeVkWJ1hfiVmRmmJWBbtboOM", "expire_date": "2020-10-01T22:58:46.611Z"}}, {"model": "sessions.session", "pk": "ccx6wkvv96brogdv9tu035wsr6kbl0ne", "fields": {"session_data": ".eJxVjEEOwiAQRe_C2hCGOsC4dO8ZGhhGqRpISrsy3l2bdKHb_977LzXGdSnj2mUep6xOitThd0uRH1I3kO-x3prmVpd5SnpT9E67vrQsz_Pu_h2U2Mu3jojeHi2RA2dy8JJQBhqiB4sGgs1XBgIO6AgBrA3AAsGTOBMEE6v3B6jHNmo:1kJ2xQ:4Ud7Dmd_MhivHT5EWPDWvkzyt1ABwPj6jXWNpiMCVMc", "expire_date": "2020-10-01T23:04:52.183Z"}}, {"model": "sessions.session", "pk": "fb6vxarozf935rm4vcz25iazj7xtqywr", "fields": {"session_data": ".eJxVjEEOwiAQRe_C2hCGOsC4dO8ZGhhGqRpISrsy3l2bdKHb_977LzXGdSnj2mUep6xOitThd0uRH1I3kO-x3prmVpd5SnpT9E67vrQsz_Pu_h2U2Mu3jojeHi2RA2dy8JJQBhqiB4sGgs1XBgIO6AgBrA3AAsGTOBMEE6v3B6jHNmo:1kIi4I:VCJGIC7r7drSLmPZfA_HHK5qaLgnBl0UsY8kDmP-VG0", "expire_date": "2020-10-01T00:46:34.936Z"}}, {"model": "sessions.session", "pk": "olnc2drhx6v03wykmbchd0a3ztwxdezf", "fields": {"session_data": "ZTZjOWRiNzQ2ZGIwNzBjMTk5YWQzYWYwMmJkMmI5NzJkZTNmNTI3ODp7Il9hdXRoX3VzZXJfaWQiOiIxIiwiX2F1dGhfdXNlcl9iYWNrZW5kIjoiZGphbmdvLmNvbnRyaWIuYXV0aC5iYWNrZW5kcy5Nb2RlbEJhY2tlbmQiLCJfYXV0aF91c2VyX2hhc2giOiI2MmE4MjA2Zjg4N2RkYzkxMzhiNjZkZTAxNGI4YmYxNjU0MjBiNDk2In0=", "expire_date": "2020-08-31T17:25:04.686Z"}}, {"model": "sessions.session", "pk": "uqnnlg4qdmh2pf65l8y6dm8zpsc6ivv3", "fields": {"session_data": "e30:1kDvw6:DBZGffVmbwdG6z0-CPFVLhTwB3WuCe74CoSAgKqjKhE", "expire_date": "2020-09-17T20:34:22.073Z"}}, {"model": "sessions.session", "pk": "v32f8wmupw1q3dahmt3dko6qby3f9ca6", "fields": {"session_data": ".eJxVjMEKwyAQRP_FcxEX40Z77L3fIKurNW1RiMkp9N-bQA7taWDem9mEp3Upfu1p9hOLqwBx-e0CxVeqB-An1UeTsdVlnoI8FHnSLu-N0_t2un8HhXrZ1zoYZS0mNYABNRgG1DhmBzaYIWiTkSnvOWYmp9AGNMxA2imdU3JRfL63Rjd6:1kDvyO:it4yxFtjANHDPwZeuIY-b8qQ9MxjyiTNca4J7hNa9yc", "expire_date": "2020-09-17T20:36:44.193Z"}}, {"model": "sessions.session", "pk": "wa0hnvhuh4upzx8xhpro1ukbey2picu4", "fields": {"session_data": ".eJxVjMEKwyAQRP_FcxEX40Z77L3fIKurNW1RiMkp9N-bQA7taWDem9mEp3Upfu1p9hOLqwBx-e0CxVeqB-An1UeTsdVlnoI8FHnSLu-N0_t2un8HhXrZ1zoYZS0mNYABNRgG1DhmBzaYIWiTkSnvOWYmp9AGNMxA2imdU3JRfL63Rjd6:1kDrVJ:lS9xKp9Xmnxq4fH2h2v2W_qnjbMkOW99_quH6XgWxRs", "expire_date": "2020-09-17T15:50:25Z"}}, {"model": "XroadsAPI.slide", "pk": 1, "fields": {"club": 1, "position": 1, "template_type": 1, "video_url": null, "img": "arc_slide_1_yGmkzoR.jpg", "text": "ARC can be really fun!"}}, {"model": "XroadsAPI.slide", "pk": 2, "fields": {"club": 1, "position": 2, "template_type": 4, "video_url": null, "img": "", "text": "You can understand your subject better by tutoring!"}}, {"model": "XroadsAPI.slide", "pk": 3, "fields": {"club": 1, "position": 3, "template_type": 3, "video_url": "https://youtu.be/-ZPpsI79y2w", "img": "", "text": ""}}, {"model": "XroadsAPI.slide", "pk": 4, "fields": {"club": 2, "position": 1, "template_type": 1, "video_url": null, "img": "robotics_slide_1_JofoErJ.jpg", "text": "Robotics is a very fun club!"}}, {"model": "XroadsAPI.slide", "pk": 5, "fields": {"club": 2, "position": 2, "template_type": 2, "video_url": null, "img": "robotics_slide_2_Owt8kfX.jpg", "text": ""}}, {"model": "XroadsAPI.slide", "pk": 6, "fields": {"club": 2, "position": 3, "template_type": 4, "video_url": null, "img": "", "text": "You can learn how to build and code robots!"}}, {"model": "XroadsAPI.slide", "pk": 7, "fields": {"club": 3, "position": 1, "template_type": 4, "video_url": null, "img": "", "text": "You can learn how to write better!"}}, {"model": "XroadsAPI.slide", "pk": 8, "fields": {"club": 3, "position": 2, "template_type": 2, "video_url": null, "img": "warrior_slide_1_BMpH6Mh.jpg", "text": ""}}, {"model": "XroadsAPI.slide", "pk": 9, "fields": {"club": 3, "position": 3, "template_type": 3, "video_url": "https://youtu.be/GLya3NpjOAE", "img": "", "text": ""}}, {"model": "XroadsAPI.slide", "pk": 10, "fields": {"club": 4, "position": 1, "template_type": 2, "video_url": null, "img": "visibility_club_slide_1_0X7oa5h.jpg", "text": ""}}, {"model": "XroadsAPI.slide", "pk": 11, "fields": {"club": 4, "position": 2, "template_type": 4, "video_url": null, "img": "", "text": "You can meet lots of new and interesting people!"}}, {"model": "XroadsAPI.slide", "pk": 12, "fields": {"club": 4, "position": 3, "template_type": 3, "video_url": "https://youtu.be/LYe9PYdvjbs", "img": "", "text": ""}}, {"model": "XroadsAPI.slide", "pk": 13, "fields": {"club": 5, "position": 1, "template_type": 1, "video_url": null, "img": "unicef_slide_1_X07AfqF.jpg", "text": "You can help children across the globe by participating!"}}, {"model": "XroadsAPI.slide", "pk": 14, "fields": {"club": 5, "position": 2, "template_type": 4, "video_url": null, "img": "", "text": "It can also be a really fun experience! We hold waffle week and sell strawberries on valentines day!"}}, {"model": "XroadsAPI.slide", "pk": 15, "fields": {"club": 5, "position": 3, "template_type": 1, "video_url": null, "img": "unicef_slide_2_Nr8Weab.jpg", "text": "Help raise money for a good cause!"}}, {"model": "XroadsAPI.club", "pk": 1, "fields": {"name": "ARC", "description": "Lorem ipsum dolor sit amet, consectetur adipiscing elit, sed do eiusmod tempor incididunt ut labore et dolore magna aliqua. Turpis egestas maecenas pharetra convallis posuere morbi. Sagittis orci a scelerisque purus semper eget duis at tellus. Non odio euismod lacinia at quis risus sed. Velit ut tortor pretium viverra suspendisse potenti nullam ac tortor. Quis hendrerit dolor magna eget est. Amet consectetur adipiscing elit duis tristique. Nunc mattis enim ut tellus elementum sagittis vitae. Cum sociis natoque penatibus et magnis dis parturient montes nascetur. Sed vulputate odio ut enim blandit. Facilisi etiam dignissim diam quis enim lobortis scelerisque.", "main_img": "arc_img_qDsHYEg.png", "hours": "N/A", "is_visible": true, "join_promo": "", "school": 1, "members": [3]}}, {"model": "XroadsAPI.club", "pk": 2, "fields": {"name": "Robotics Club", "description": "Robotics club is where all the action is at. We create robots and compete against other schools for the glory of having the best robot. We’re pretty good at what we do, and not to brag, but we qualified for the World Championships last year! That’s no joke!\r\n\r\nThe First Tech Challenge (FTC) is an international organization where about 7,000 highschool teams go head to head in a competition that changes every year. No person alone could take on such an amazing feat. Robotics is about banding together with your peers to create something awesome.\r\n\r\nAs a current club member, I can vouch and say that I have met some of the most creative, smart, funny and resourceful people ever. Robotics can be a rollercoaster of emotions sometimes. It definitely was last year. We were so happy that we qualified for worlds, but then super disappointed ended up having it canceled because of COVID.\r\n\r\nRobotics is probably the best opportunity you have in high school to take STEM to the next level. If you love engineering or coding, this is a great place to apply what you learn. If you want to learn coding or engineering, this is a great place to learn. If you don’t even like coding or engineering, but like tough problem solving and fierce competition, this is a ton of fun. What we’re trying to say is that there’s no reason not to join.\r\n\r\nBuilding a robot takes a lot of time and that’s why we meet as much as we do, but it doesn’t mean that you can’t join if you’re a busy person. Members always welcome to pop in for whatever time they’re available for.\r\n\r\nRobotics is all about being able to react as situations change. Sometimes we have a plan, but most of the time we’re winging it. Robotics is definitely going to be different this year due to COVID, but we have a plan (we’re totally winging it) and it’s gonna be more exciting than ever before.\r\n\r\n# I am stuff\r\n## kjlkjsadflkjalsdkfj \r\n\r\n# FAQ\r\n### Q: When do we meet?\r\nA: We meet twice a week, mondays and fridays under normal circumstances. Depending on what the situation is like, it may change so be sure to check back.\r\n\r\n### Q: I don’t have a lot of experience, can I still join?\r\nA: Yeah anybody can join! You end up learning as you go. Even if you aren’t interested in STEM, there’s lots of other stuff you can do.\r\n\r\n### Q: What language do you program your robots in?\r\nA: We use a set of two android phones as the brains of our robot. We write java to control the various motors and sensors on board.\r\n\r\n### Q: What are your robots made of?\r\nA: We use all sorts of materials, but the main robot design is made from aluminum. We use 3D printed and custom parts all the time as well.", "main_img": "robotics_photo_xGgFyT3.jpg", "hours": "7 hrs/week", "is_visible": true, "join_promo": "Text @niskyrobotics to 81010", "school": 1, "members": [2, 3, 4]}}, {"model": "XroadsAPI.club", "pk": 3, "fields": {"name": "The Warrior", "description": "Lorem ipsum dolor sit amet, consectetur adipiscing elit, sed do eiusmod tempor incididunt ut labore et dolore magna aliqua. Turpis egestas maecenas pharetra convallis posuere morbi. Sagittis orci a scelerisque purus semper eget duis at tellus. Non odio euismod lacinia at quis risus sed. Velit ut tortor pretium viverra suspendisse potenti nullam ac tortor. Quis hendrerit dolor magna eget est. Amet consectetur adipiscing elit duis tristique. Nunc mattis enim ut tellus elementum sagittis vitae. Cum sociis natoque penatibus et magnis dis parturient montes nascetur. Sed vulputate odio ut enim blandit. Facilisi etiam dignissim diam quis enim lobortis scelerisque.", "main_img": "thewarrior_2pL77Rq.jpg", "hours": "Varies", "is_visible": true, "join_promo": "", "school": 1, "members": [3, 4]}}, {"model": "XroadsAPI.club", "pk": 4, "fields": {"name": "Visibility Club", "description": "Lorem ipsum dolor sit amet, consectetur adipiscing elit, sed do eiusmod tempor incididunt ut labore et dolore magna aliqua. Turpis egestas maecenas pharetra convallis posuere morbi. Sagittis orci a scelerisque purus semper eget duis at tellus. Non odio euismod lacinia at quis risus sed. Velit ut tortor pretium viverra suspendisse potenti nullam ac tortor. Quis hendrerit dolor magna eget est. Amet consectetur adipiscing elit duis tristique. Nunc mattis enim ut tellus elementum sagittis vitae. Cum sociis natoque penatibus et magnis dis parturient montes nascetur. Sed vulputate odio ut enim blandit. Facilisi etiam dignissim diam quis enim lobortis scelerisque.", "main_img": "visibility_club_p9SeCLg.jpg", "hours": "3hrs/week", "is_visible": true, "join_promo": "", "school": 1, "members": [4, 5]}}, {"model": "XroadsAPI.club", "pk": 5, "fields": {"name": "UNICEF Club", "description": "# Yo yo yo\r\n## This is how you join", "main_img": "unicef_club_wnoBLrb.jpg", "hours": "4 hrs/mont", "is_visible": true, "join_promo": "", "school": 1, "members": []}}, {"model": "XroadsAPI.school", "pk": 1, "fields": {"name": "Niskayuna High School", "img": "niskyhs_QDuwTFz.jpg", "district": 1}}, {"model": "XroadsAPI.school", "pk": 2, "fields": {"name": "Van Antwerp Middle School", "img": "va_img.jpg", "district": 1}}, {"model": "XroadsAPI.school", "pk": 3, "fields": {"name": "Iroquois", "img": "iroquois_img.jpg", "district": 1}}, {"model": "XroadsAPI.districtdomain", "pk": 1, "fields": {"domain": "gmail.com", "district": 1}}, {"model": "XroadsAPI.district", "pk": 1, "fields": {"name": "Niskayuna Central School District"}}, {"model": "XroadsAPI.question", "pk": 1, "fields": {"asker": 9, "club": 2, "question": "I have a question!", "answer": "I replied!"}}, {"model": "XroadsAPI.question", "pk": 2, "fields": {"asker": 9, "club": 2, "question": "I have a question!", "answer": "Blah Blah Blah"}}, {"model": "XroadsAPI.question", "pk": 3, "fields": {"asker": 9, "club": 2, "question": "I asked a question!", "answer": "I asked something!"}}, {"model": "XroadsAPI.question", "pk": 4, "fields": {"asker": 9, "club": 2, "question": "I asked a question!", "answer": "Bruh"}}, {"model": "XroadsAPI.question", "pk": 5, "fields": {"asker": 9, "club": 2, "question": "Here I am asking a question!", "answer": "Yuh"}}, {"model": "XroadsAPI.question", "pk": 6, "fields": {"asker": 9, "club": 2, "question": "I asked a question!", "answer": null}}, {"model": "XroadsAPI.question", "pk": 7, "fields": {"asker": 9, "club": 2, "question": "I asked a question!", "answer": null}}, {"model": "XroadsAPI.question", "pk": 8, "fields": {"asker": 9, "club": 2, "question": "Yo", "answer": "What!"}}, {"model": "XroadsAPI.question", "pk": 9, "fields": {"asker": 9, "club": 2, "question": "Yo yo", "answer": "I answerED!@"}}, {"model": "XroadsAPI.question", "pk": 10, "fields": {"asker": 9, "club": 2, "question": "This question was asked at 7:08pm today", "answer": "This question was answered at 7:09pm today"}}, {"model": "XroadsAuth.rolemodel", "pk": 1, "fields": {"role_name": "District-1/School-1/Club-2", "perms": "[\"__all__\"]"}}, {"model": "XroadsAuth.profile", "fields": {"password": "password", "last_login": null, "is_superuser": false, "first_name": "Bob", "last_name": "Dylan", "is_staff": false, "is_active": true, "date_joined": "2020-08-17T17:29:26Z", "email": "blah@gmail.com", "school": 1, "district": null, "is_anon": false, "groups": [], "user_permissions": [], "roles": []}}, {"model": "XroadsAuth.profile", "fields": {"password": "password", "last_login": null, "is_superuser": false, "first_name": "Jack", "last_name": "Stan", "is_staff": false, "is_active": true, "date_joined": "2020-08-17T17:29:50Z", "email": "blah2@gmail.com", "school": 1, "district": null, "is_anon": false, "groups": [], "user_permissions": [], "roles": []}}, {"model": "XroadsAuth.profile", "fields": {"password": "password", "last_login": null, "is_superuser": false, "first_name": "Jill", "last_name": "Byers", "is_staff": false, "is_active": true, "date_joined": "2020-08-17T17:30:08Z", "email": "blah3@gmail.com", "school": 1, "district": null, "is_anon": false, "groups": [], "user_permissions": [], "roles": []}}, {"model": "XroadsAuth.profile", "fields": {"password": "password", "last_login": null, "is_superuser": false, "first_name": "August", "last_name": "Blue", "is_staff": false, "is_active": true, "date_joined": "2020-08-17T17:30:34Z", "email": "blah4@gmail.com", "school": 1, "district": null, "is_anon": false, "groups": [], "user_permissions": [], "roles": []}}, {"model": "XroadsAuth.profile", "fields": {"password": "pbkdf2_sha256$216000$umLFQQka7akS$aL1OFOvKz6ueXAs74q2ufYnnU1TTzmar72bh1LTWI40=", "last_login": "2020-09-03T21:59:35.740Z", "is_superuser": false, "first_name": "josh", "last_name": "wang", "is_staff": false, "is_active": true, "date_joined": "2020-09-03T21:59:03.355Z", "email": "josh@gmail.com", "school": null, "district": null, "is_anon": false, "groups": [], "user_permissions": [], "roles": []}}, {"model": "XroadsAuth.profile", "fields": {"password": "pbkdf2_sha256$216000$MQmRKoZ4qCNc$Bfm6Xt/gbqNVkEwc56yC78QhKm9rNxDdZAE3zq08SAQ=", "last_login": null, "is_superuser": false, "first_name": "kasdlfkjn", "last_name": "asldkjfsald", "is_staff": false, "is_active": true, "date_joined": "2020-09-05T21:38:08Z", "email": "blasdlkfj@gmail.com", "school": 1, "district": 1, "is_anon": false, "groups": [], "user_permissions": [], "roles": [1]}}, {"model": "XroadsAuth.profile", "fields": {"password": "pbkdf2_sha256$216000$QTTui598j8l9$VrrngJkaLlAbQbK6QzMc7Nn3hoyxLAxPNM5EToKNk84=", "last_login": "2020-09-17T23:04:52.161Z", "is_superuser": true, "first_name": "", "last_name": "", "is_staff": true, "is_active": true, "date_joined": "2020-09-17T00:46:27Z", "email": "super@gmail.com", "school": 1, "district": 1, "is_anon": false, "groups": [], "user_permissions": [], "roles": [1]}}, {"model": "sites.site", "fields": {"domain": "example.com", "name": "example.com"}}, {"model": "account.emailaddress", "pk": 2, "fields": {"user": 6, "email": "josh@gmail.com", "verified": true, "primary": true}}, {"model": "account.emailaddress", "pk": 3, "fields": {"user": 7, "email": "blasdlkfj@gmail.com", "verified": false, "primary": true}}, {"model": "account.emailaddress", "pk": 5, "fields": {"user": 9, "email": "super@gmail.com", "verified": true, "primary": true}}]